{
  "project_info": {
    "project_number": "595087574039",
    "firebase_url": "https://kish-hancho.firebaseio.com",
    "project_id": "kish-hancho",
    "storage_bucket": "kish-hancho.appspot.com"
  },
  "client": [
    {
      "client_info": {
        "mobilesdk_app_id": "1:595087574039:android:d0a3450a6572df8a",
        "android_client_info": {
          "package_name": "com.Hancho.KISH.kish2019"
        }
      },
      "oauth_client": [
        {
          "client_id": "595087574039-p0h21e74o7i8n7l29ndlnijsgrlie71q.apps.googleusercontent.com",
          "client_type": 1,
          "android_info": {
            "package_name": "com.Hancho.KISH.kish2019",
            "certificate_hash": "0d2f11ddb50fb631747964ad6af79c189866d58d"
          }
        },
        {
          "client_id": "595087574039-1sp035lqslm979omrbg1mn9kbmekotpp.apps.googleusercontent.com",
          "client_type": 1,
          "android_info": {
            "package_name": "com.Hancho.KISH.kish2019",
            "certificate_hash": "245d7ec373a076b979a7b7c99e4a3bad31a0817d"
          }
        },
        {
          "client_id": "595087574039-2tbduqm69hoveeo8sht924i0i6vrfphu.apps.googleusercontent.com",
          "client_type": 3
        }
      ],
      "api_key": [
        {
          "current_key": "AIzaSyAxNXqe4PCioRbWjEo2D9Oj913zNnSbFlQ"
        }
      ],
      "services": {
        "appinvite_service": {
          "other_platform_oauth_client": [
            {
              "client_id": "595087574039-2tbduqm69hoveeo8sht924i0i6vrfphu.apps.googleusercontent.com",
              "client_type": 3
            },
            {
              "client_id": "595087574039-ihbvneh231bv965f39agjilg3776g18t.apps.googleusercontent.com",
              "client_type": 2,
              "ios_info": {
                "bundle_id": "com.Hancho.KISH.kish2019"
              }
            }
          ]
        }
      }
    }
  ],
  "configuration_version": "1"
}